taxonomy_name,percentage,execution_number
albuquerque2011ontobio_tx012.ttl,30,6
albuquerque2011ontobio_tx012.ttl,40,2
albuquerque2011ontobio_tx012.ttl,40,4
albuquerque2011ontobio_tx012.ttl,40,6
albuquerque2011ontobio_tx012.ttl,50,3
albuquerque2011ontobio_tx012.ttl,50,5
albuquerque2011ontobio_tx012.ttl,50,8
albuquerque2011ontobio_tx012.ttl,50,9
albuquerque2011ontobio_tx012.ttl,60,2
albuquerque2011ontobio_tx012.ttl,60,4
albuquerque2011ontobio_tx012.ttl,60,8
albuquerque2011ontobio_tx012.ttl,60,9
albuquerque2011ontobio_tx012.ttl,60,10
albuquerque2011ontobio_tx012.ttl,70,1
albuquerque2011ontobio_tx012.ttl,70,3
albuquerque2011ontobio_tx012.ttl,70,7
albuquerque2011ontobio_tx012.ttl,70,8
albuquerque2011ontobio_tx012.ttl,80,6
albuquerque2011ontobio_tx012.ttl,80,7
albuquerque2011ontobio_tx012.ttl,80,8
albuquerque2011ontobio_tx012.ttl,80,10
albuquerque2011ontobio_tx012.ttl,90,1
albuquerque2011ontobio_tx012.ttl,90,2
albuquerque2011ontobio_tx012.ttl,90,3
albuquerque2011ontobio_tx012.ttl,90,4
albuquerque2011ontobio_tx012.ttl,90,5
albuquerque2011ontobio_tx012.ttl,90,6
albuquerque2011ontobio_tx012.ttl,90,7
albuquerque2011ontobio_tx012.ttl,90,8
albuquerque2011ontobio_tx012.ttl,90,9
barcelos2015transport-networks_tx001.ttl,20,2
barcelos2015transport-networks_tx001.ttl,30,6
barcelos2015transport-networks_tx001.ttl,40,4
barcelos2015transport-networks_tx001.ttl,40,6
barcelos2015transport-networks_tx001.ttl,50,3
barcelos2015transport-networks_tx001.ttl,50,4
barcelos2015transport-networks_tx001.ttl,50,10
barcelos2015transport-networks_tx001.ttl,60,1
barcelos2015transport-networks_tx001.ttl,60,4
barcelos2015transport-networks_tx001.ttl,60,5
barcelos2015transport-networks_tx001.ttl,60,7
barcelos2015transport-networks_tx001.ttl,60,10
barcelos2015transport-networks_tx001.ttl,70,1
barcelos2015transport-networks_tx001.ttl,70,2
barcelos2015transport-networks_tx001.ttl,70,5
barcelos2015transport-networks_tx001.ttl,70,6
barcelos2015transport-networks_tx001.ttl,70,7
barcelos2015transport-networks_tx001.ttl,70,8
barcelos2015transport-networks_tx001.ttl,70,9
barcelos2015transport-networks_tx001.ttl,80,2
barcelos2015transport-networks_tx001.ttl,80,4
barcelos2015transport-networks_tx001.ttl,80,7
barcelos2015transport-networks_tx001.ttl,80,8
barcelos2015transport-networks_tx001.ttl,90,1
barcelos2015transport-networks_tx001.ttl,90,2
barcelos2015transport-networks_tx001.ttl,90,3
barcelos2015transport-networks_tx001.ttl,90,5
barcelos2015transport-networks_tx001.ttl,90,7
barcelos2015transport-networks_tx001.ttl,90,8
barcelos2015transport-networks_tx001.ttl,90,10
barcelos2015transport-networks_tx004.ttl,20,6
barcelos2015transport-networks_tx004.ttl,20,7
barcelos2015transport-networks_tx004.ttl,20,9
barcelos2015transport-networks_tx004.ttl,20,10
barcelos2015transport-networks_tx004.ttl,30,3
barcelos2015transport-networks_tx004.ttl,30,5
barcelos2015transport-networks_tx004.ttl,30,6
barcelos2015transport-networks_tx004.ttl,40,5
barcelos2015transport-networks_tx004.ttl,40,9
barcelos2015transport-networks_tx004.ttl,50,2
barcelos2015transport-networks_tx004.ttl,50,3
barcelos2015transport-networks_tx004.ttl,50,9
barcelos2015transport-networks_tx004.ttl,50,10
barcelos2015transport-networks_tx004.ttl,60,1
barcelos2015transport-networks_tx004.ttl,60,3
barcelos2015transport-networks_tx004.ttl,60,5
barcelos2015transport-networks_tx004.ttl,60,8
barcelos2015transport-networks_tx004.ttl,60,9
barcelos2015transport-networks_tx004.ttl,70,2
barcelos2015transport-networks_tx004.ttl,70,4
barcelos2015transport-networks_tx004.ttl,70,7
barcelos2015transport-networks_tx004.ttl,70,8
barcelos2015transport-networks_tx004.ttl,70,9
barcelos2015transport-networks_tx004.ttl,70,10
barcelos2015transport-networks_tx004.ttl,80,1
barcelos2015transport-networks_tx004.ttl,80,2
barcelos2015transport-networks_tx004.ttl,80,3
barcelos2015transport-networks_tx004.ttl,80,5
barcelos2015transport-networks_tx004.ttl,80,6
barcelos2015transport-networks_tx004.ttl,80,9
barcelos2015transport-networks_tx004.ttl,90,1
barcelos2015transport-networks_tx004.ttl,90,2
barcelos2015transport-networks_tx004.ttl,90,3
barcelos2015transport-networks_tx004.ttl,90,4
barcelos2015transport-networks_tx004.ttl,90,5
barcelos2015transport-networks_tx004.ttl,90,6
barcelos2015transport-networks_tx004.ttl,90,7
barcelos2015transport-networks_tx004.ttl,90,8
barcelos2015transport-networks_tx004.ttl,90,9
barcelos2015transport-networks_tx004.ttl,90,10
barcelos2015transport-networks_tx007.ttl,10,7
barcelos2015transport-networks_tx007.ttl,30,5
barcelos2015transport-networks_tx007.ttl,30,6
barcelos2015transport-networks_tx007.ttl,40,6
barcelos2015transport-networks_tx007.ttl,40,7
barcelos2015transport-networks_tx007.ttl,40,8
barcelos2015transport-networks_tx007.ttl,40,9
barcelos2015transport-networks_tx007.ttl,50,1
barcelos2015transport-networks_tx007.ttl,50,2
barcelos2015transport-networks_tx007.ttl,50,3
barcelos2015transport-networks_tx007.ttl,50,4
barcelos2015transport-networks_tx007.ttl,50,5
barcelos2015transport-networks_tx007.ttl,50,7
barcelos2015transport-networks_tx007.ttl,50,9
barcelos2015transport-networks_tx007.ttl,60,1
barcelos2015transport-networks_tx007.ttl,60,2
barcelos2015transport-networks_tx007.ttl,60,5
barcelos2015transport-networks_tx007.ttl,60,7
barcelos2015transport-networks_tx007.ttl,60,8
barcelos2015transport-networks_tx007.ttl,60,9
barcelos2015transport-networks_tx007.ttl,60,10
barcelos2015transport-networks_tx007.ttl,70,1
barcelos2015transport-networks_tx007.ttl,70,2
barcelos2015transport-networks_tx007.ttl,70,5
barcelos2015transport-networks_tx007.ttl,70,6
barcelos2015transport-networks_tx007.ttl,70,9
barcelos2015transport-networks_tx007.ttl,70,10
barcelos2015transport-networks_tx007.ttl,80,1
barcelos2015transport-networks_tx007.ttl,80,3
barcelos2015transport-networks_tx007.ttl,80,4
barcelos2015transport-networks_tx007.ttl,80,5
barcelos2015transport-networks_tx007.ttl,80,7
barcelos2015transport-networks_tx007.ttl,80,8
barcelos2015transport-networks_tx007.ttl,80,9
barcelos2015transport-networks_tx007.ttl,90,1
barcelos2015transport-networks_tx007.ttl,90,2
barcelos2015transport-networks_tx007.ttl,90,3
barcelos2015transport-networks_tx007.ttl,90,4
barcelos2015transport-networks_tx007.ttl,90,6
barcelos2015transport-networks_tx007.ttl,90,9
barcelos2015transport-networks_tx007.ttl,90,10
derave2019dpo_tx001.ttl,10,4
derave2019dpo_tx001.ttl,20,6
derave2019dpo_tx001.ttl,20,7
derave2019dpo_tx001.ttl,30,1
derave2019dpo_tx001.ttl,30,2
derave2019dpo_tx001.ttl,30,6
derave2019dpo_tx001.ttl,30,10
derave2019dpo_tx001.ttl,40,4
derave2019dpo_tx001.ttl,50,2
derave2019dpo_tx001.ttl,50,3
derave2019dpo_tx001.ttl,50,5
derave2019dpo_tx001.ttl,50,8
derave2019dpo_tx001.ttl,50,9
derave2019dpo_tx001.ttl,50,10
derave2019dpo_tx001.ttl,60,1
derave2019dpo_tx001.ttl,60,4
derave2019dpo_tx001.ttl,60,6
derave2019dpo_tx001.ttl,60,7
derave2019dpo_tx001.ttl,60,8
derave2019dpo_tx001.ttl,60,9
derave2019dpo_tx001.ttl,60,10
derave2019dpo_tx001.ttl,70,2
derave2019dpo_tx001.ttl,70,3
derave2019dpo_tx001.ttl,70,4
derave2019dpo_tx001.ttl,70,5
derave2019dpo_tx001.ttl,70,6
derave2019dpo_tx001.ttl,70,8
derave2019dpo_tx001.ttl,70,9
derave2019dpo_tx001.ttl,70,10
derave2019dpo_tx001.ttl,80,1
derave2019dpo_tx001.ttl,80,2
derave2019dpo_tx001.ttl,80,3
derave2019dpo_tx001.ttl,80,4
derave2019dpo_tx001.ttl,80,6
derave2019dpo_tx001.ttl,80,7
derave2019dpo_tx001.ttl,80,8
derave2019dpo_tx001.ttl,80,9
derave2019dpo_tx001.ttl,80,10
derave2019dpo_tx001.ttl,90,1
derave2019dpo_tx001.ttl,90,2
derave2019dpo_tx001.ttl,90,4
derave2019dpo_tx001.ttl,90,5
derave2019dpo_tx001.ttl,90,6
derave2019dpo_tx001.ttl,90,7
derave2019dpo_tx001.ttl,90,8
derave2019dpo_tx001.ttl,90,9
derave2019dpo_tx001.ttl,90,10
ferreira2015ontoemergeplan_tx012.ttl,10,4
ferreira2015ontoemergeplan_tx012.ttl,10,9
ferreira2015ontoemergeplan_tx012.ttl,10,10
ferreira2015ontoemergeplan_tx012.ttl,20,2
ferreira2015ontoemergeplan_tx012.ttl,20,4
ferreira2015ontoemergeplan_tx012.ttl,20,5
ferreira2015ontoemergeplan_tx012.ttl,20,6
ferreira2015ontoemergeplan_tx012.ttl,20,7
ferreira2015ontoemergeplan_tx012.ttl,20,8
ferreira2015ontoemergeplan_tx012.ttl,20,9
ferreira2015ontoemergeplan_tx012.ttl,20,10
ferreira2015ontoemergeplan_tx012.ttl,30,1
ferreira2015ontoemergeplan_tx012.ttl,30,2
ferreira2015ontoemergeplan_tx012.ttl,30,3
ferreira2015ontoemergeplan_tx012.ttl,30,4
ferreira2015ontoemergeplan_tx012.ttl,30,5
ferreira2015ontoemergeplan_tx012.ttl,30,6
ferreira2015ontoemergeplan_tx012.ttl,30,7
ferreira2015ontoemergeplan_tx012.ttl,30,8
ferreira2015ontoemergeplan_tx012.ttl,40,1
ferreira2015ontoemergeplan_tx012.ttl,40,2
ferreira2015ontoemergeplan_tx012.ttl,40,3
ferreira2015ontoemergeplan_tx012.ttl,40,4
ferreira2015ontoemergeplan_tx012.ttl,40,5
ferreira2015ontoemergeplan_tx012.ttl,40,6
ferreira2015ontoemergeplan_tx012.ttl,40,7
ferreira2015ontoemergeplan_tx012.ttl,40,8
ferreira2015ontoemergeplan_tx012.ttl,40,9
ferreira2015ontoemergeplan_tx012.ttl,40,10
ferreira2015ontoemergeplan_tx012.ttl,50,1
ferreira2015ontoemergeplan_tx012.ttl,50,2
ferreira2015ontoemergeplan_tx012.ttl,50,3
ferreira2015ontoemergeplan_tx012.ttl,50,4
ferreira2015ontoemergeplan_tx012.ttl,50,5
ferreira2015ontoemergeplan_tx012.ttl,50,6
ferreira2015ontoemergeplan_tx012.ttl,50,7
ferreira2015ontoemergeplan_tx012.ttl,50,8
ferreira2015ontoemergeplan_tx012.ttl,50,9
ferreira2015ontoemergeplan_tx012.ttl,50,10
ferreira2015ontoemergeplan_tx012.ttl,60,1
ferreira2015ontoemergeplan_tx012.ttl,60,2
ferreira2015ontoemergeplan_tx012.ttl,60,3
ferreira2015ontoemergeplan_tx012.ttl,60,4
ferreira2015ontoemergeplan_tx012.ttl,60,5
ferreira2015ontoemergeplan_tx012.ttl,60,6
ferreira2015ontoemergeplan_tx012.ttl,60,7
ferreira2015ontoemergeplan_tx012.ttl,60,8
ferreira2015ontoemergeplan_tx012.ttl,60,9
ferreira2015ontoemergeplan_tx012.ttl,60,10
ferreira2015ontoemergeplan_tx012.ttl,70,1
ferreira2015ontoemergeplan_tx012.ttl,70,2
ferreira2015ontoemergeplan_tx012.ttl,70,3
ferreira2015ontoemergeplan_tx012.ttl,70,4
ferreira2015ontoemergeplan_tx012.ttl,70,5
ferreira2015ontoemergeplan_tx012.ttl,70,6
ferreira2015ontoemergeplan_tx012.ttl,70,7
ferreira2015ontoemergeplan_tx012.ttl,70,8
ferreira2015ontoemergeplan_tx012.ttl,70,9
ferreira2015ontoemergeplan_tx012.ttl,70,10
ferreira2015ontoemergeplan_tx012.ttl,80,1
ferreira2015ontoemergeplan_tx012.ttl,80,2
ferreira2015ontoemergeplan_tx012.ttl,80,3
ferreira2015ontoemergeplan_tx012.ttl,80,4
ferreira2015ontoemergeplan_tx012.ttl,80,5
ferreira2015ontoemergeplan_tx012.ttl,80,6
ferreira2015ontoemergeplan_tx012.ttl,80,7
ferreira2015ontoemergeplan_tx012.ttl,80,8
ferreira2015ontoemergeplan_tx012.ttl,80,9
ferreira2015ontoemergeplan_tx012.ttl,80,10
ferreira2015ontoemergeplan_tx012.ttl,90,1
ferreira2015ontoemergeplan_tx012.ttl,90,2
ferreira2015ontoemergeplan_tx012.ttl,90,3
ferreira2015ontoemergeplan_tx012.ttl,90,4
ferreira2015ontoemergeplan_tx012.ttl,90,5
ferreira2015ontoemergeplan_tx012.ttl,90,6
ferreira2015ontoemergeplan_tx012.ttl,90,7
ferreira2015ontoemergeplan_tx012.ttl,90,8
ferreira2015ontoemergeplan_tx012.ttl,90,9
ferreira2015ontoemergeplan_tx012.ttl,90,10
goncalves2011ecg_tx005.ttl,30,6
goncalves2011ecg_tx005.ttl,50,3
goncalves2011ecg_tx005.ttl,50,9
goncalves2011ecg_tx005.ttl,60,5
goncalves2011ecg_tx005.ttl,70,1
goncalves2011ecg_tx005.ttl,70,2
goncalves2011ecg_tx005.ttl,70,3
goncalves2011ecg_tx005.ttl,70,4
goncalves2011ecg_tx005.ttl,70,5
goncalves2011ecg_tx005.ttl,70,7
goncalves2011ecg_tx005.ttl,70,8
goncalves2011ecg_tx005.ttl,70,10
goncalves2011ecg_tx005.ttl,80,1
goncalves2011ecg_tx005.ttl,80,3
goncalves2011ecg_tx005.ttl,80,4
goncalves2011ecg_tx005.ttl,80,8
goncalves2011ecg_tx005.ttl,80,9
goncalves2011ecg_tx005.ttl,90,1
goncalves2011ecg_tx005.ttl,90,2
goncalves2011ecg_tx005.ttl,90,3
goncalves2011ecg_tx005.ttl,90,4
goncalves2011ecg_tx005.ttl,90,5
goncalves2011ecg_tx005.ttl,90,6
goncalves2011ecg_tx005.ttl,90,7
goncalves2011ecg_tx005.ttl,90,8
goncalves2011ecg_tx005.ttl,90,10
kritz2020ontobg_tx001.ttl,30,8
kritz2020ontobg_tx001.ttl,40,6
kritz2020ontobg_tx001.ttl,50,3
kritz2020ontobg_tx001.ttl,50,5
kritz2020ontobg_tx001.ttl,50,8
kritz2020ontobg_tx001.ttl,60,1
kritz2020ontobg_tx001.ttl,60,2
kritz2020ontobg_tx001.ttl,60,4
kritz2020ontobg_tx001.ttl,60,6
kritz2020ontobg_tx001.ttl,60,7
kritz2020ontobg_tx001.ttl,60,8
kritz2020ontobg_tx001.ttl,70,6
kritz2020ontobg_tx001.ttl,70,9
kritz2020ontobg_tx001.ttl,70,10
kritz2020ontobg_tx001.ttl,80,1
kritz2020ontobg_tx001.ttl,80,2
kritz2020ontobg_tx001.ttl,80,3
kritz2020ontobg_tx001.ttl,80,4
kritz2020ontobg_tx001.ttl,80,6
kritz2020ontobg_tx001.ttl,80,8
kritz2020ontobg_tx001.ttl,90,2
kritz2020ontobg_tx001.ttl,90,4
kritz2020ontobg_tx001.ttl,90,5
kritz2020ontobg_tx001.ttl,90,6
kritz2020ontobg_tx001.ttl,90,7
kritz2020ontobg_tx001.ttl,90,8
kritz2020ontobg_tx001.ttl,90,9
kritz2020ontobg_tx001.ttl,90,10
kritz2020ontobg_tx002.ttl,10,8
kritz2020ontobg_tx002.ttl,20,4
kritz2020ontobg_tx002.ttl,40,1
kritz2020ontobg_tx002.ttl,40,4
kritz2020ontobg_tx002.ttl,40,5
kritz2020ontobg_tx002.ttl,40,6
kritz2020ontobg_tx002.ttl,40,10
kritz2020ontobg_tx002.ttl,50,3
kritz2020ontobg_tx002.ttl,50,4
kritz2020ontobg_tx002.ttl,50,6
kritz2020ontobg_tx002.ttl,50,8
kritz2020ontobg_tx002.ttl,50,9
kritz2020ontobg_tx002.ttl,60,1
kritz2020ontobg_tx002.ttl,60,2
kritz2020ontobg_tx002.ttl,60,3
kritz2020ontobg_tx002.ttl,60,4
kritz2020ontobg_tx002.ttl,60,5
kritz2020ontobg_tx002.ttl,60,6
kritz2020ontobg_tx002.ttl,60,7
kritz2020ontobg_tx002.ttl,60,8
kritz2020ontobg_tx002.ttl,60,9
kritz2020ontobg_tx002.ttl,60,10
kritz2020ontobg_tx002.ttl,70,1
kritz2020ontobg_tx002.ttl,70,2
kritz2020ontobg_tx002.ttl,70,3
kritz2020ontobg_tx002.ttl,70,4
kritz2020ontobg_tx002.ttl,70,5
kritz2020ontobg_tx002.ttl,70,6
kritz2020ontobg_tx002.ttl,70,7
kritz2020ontobg_tx002.ttl,70,8
kritz2020ontobg_tx002.ttl,70,9
kritz2020ontobg_tx002.ttl,80,2
kritz2020ontobg_tx002.ttl,80,4
kritz2020ontobg_tx002.ttl,80,5
kritz2020ontobg_tx002.ttl,80,6
kritz2020ontobg_tx002.ttl,80,7
kritz2020ontobg_tx002.ttl,80,8
kritz2020ontobg_tx002.ttl,80,9
kritz2020ontobg_tx002.ttl,80,10
kritz2020ontobg_tx002.ttl,90,1
kritz2020ontobg_tx002.ttl,90,2
kritz2020ontobg_tx002.ttl,90,3
kritz2020ontobg_tx002.ttl,90,4
kritz2020ontobg_tx002.ttl,90,5
kritz2020ontobg_tx002.ttl,90,6
kritz2020ontobg_tx002.ttl,90,7
kritz2020ontobg_tx002.ttl,90,8
kritz2020ontobg_tx002.ttl,90,9
kritz2020ontobg_tx002.ttl,90,10
kritz2020ontobg_tx003.ttl,10,2
kritz2020ontobg_tx003.ttl,10,5
kritz2020ontobg_tx003.ttl,10,7
kritz2020ontobg_tx003.ttl,10,8
kritz2020ontobg_tx003.ttl,10,9
kritz2020ontobg_tx003.ttl,10,10
kritz2020ontobg_tx003.ttl,20,1
kritz2020ontobg_tx003.ttl,20,2
kritz2020ontobg_tx003.ttl,20,3
kritz2020ontobg_tx003.ttl,20,4
kritz2020ontobg_tx003.ttl,20,5
kritz2020ontobg_tx003.ttl,20,6
kritz2020ontobg_tx003.ttl,20,7
kritz2020ontobg_tx003.ttl,20,9
kritz2020ontobg_tx003.ttl,20,10
kritz2020ontobg_tx003.ttl,30,1
kritz2020ontobg_tx003.ttl,30,2
kritz2020ontobg_tx003.ttl,30,3
kritz2020ontobg_tx003.ttl,30,4
kritz2020ontobg_tx003.ttl,30,5
kritz2020ontobg_tx003.ttl,30,6
kritz2020ontobg_tx003.ttl,30,7
kritz2020ontobg_tx003.ttl,30,8
kritz2020ontobg_tx003.ttl,30,9
kritz2020ontobg_tx003.ttl,30,10
kritz2020ontobg_tx003.ttl,40,1
kritz2020ontobg_tx003.ttl,40,2
kritz2020ontobg_tx003.ttl,40,3
kritz2020ontobg_tx003.ttl,40,4
kritz2020ontobg_tx003.ttl,40,5
kritz2020ontobg_tx003.ttl,40,6
kritz2020ontobg_tx003.ttl,40,7
kritz2020ontobg_tx003.ttl,40,8
kritz2020ontobg_tx003.ttl,40,9
kritz2020ontobg_tx003.ttl,40,10
kritz2020ontobg_tx003.ttl,50,1
kritz2020ontobg_tx003.ttl,50,2
kritz2020ontobg_tx003.ttl,50,3
kritz2020ontobg_tx003.ttl,50,4
kritz2020ontobg_tx003.ttl,50,5
kritz2020ontobg_tx003.ttl,50,6
kritz2020ontobg_tx003.ttl,50,7
kritz2020ontobg_tx003.ttl,50,8
kritz2020ontobg_tx003.ttl,50,9
kritz2020ontobg_tx003.ttl,50,10
kritz2020ontobg_tx003.ttl,60,1
kritz2020ontobg_tx003.ttl,60,2
kritz2020ontobg_tx003.ttl,60,3
kritz2020ontobg_tx003.ttl,60,4
kritz2020ontobg_tx003.ttl,60,5
kritz2020ontobg_tx003.ttl,60,6
kritz2020ontobg_tx003.ttl,60,7
kritz2020ontobg_tx003.ttl,60,8
kritz2020ontobg_tx003.ttl,60,9
kritz2020ontobg_tx003.ttl,60,10
kritz2020ontobg_tx003.ttl,70,1
kritz2020ontobg_tx003.ttl,70,2
kritz2020ontobg_tx003.ttl,70,3
kritz2020ontobg_tx003.ttl,70,4
kritz2020ontobg_tx003.ttl,70,5
kritz2020ontobg_tx003.ttl,70,6
kritz2020ontobg_tx003.ttl,70,7
kritz2020ontobg_tx003.ttl,70,8
kritz2020ontobg_tx003.ttl,70,9
kritz2020ontobg_tx003.ttl,70,10
kritz2020ontobg_tx003.ttl,80,1
kritz2020ontobg_tx003.ttl,80,2
kritz2020ontobg_tx003.ttl,80,3
kritz2020ontobg_tx003.ttl,80,4
kritz2020ontobg_tx003.ttl,80,5
kritz2020ontobg_tx003.ttl,80,6
kritz2020ontobg_tx003.ttl,80,7
kritz2020ontobg_tx003.ttl,80,8
kritz2020ontobg_tx003.ttl,80,9
kritz2020ontobg_tx003.ttl,80,10
kritz2020ontobg_tx003.ttl,90,1
kritz2020ontobg_tx003.ttl,90,2
kritz2020ontobg_tx003.ttl,90,3
kritz2020ontobg_tx003.ttl,90,4
kritz2020ontobg_tx003.ttl,90,5
kritz2020ontobg_tx003.ttl,90,6
kritz2020ontobg_tx003.ttl,90,7
kritz2020ontobg_tx003.ttl,90,8
kritz2020ontobg_tx003.ttl,90,9
kritz2020ontobg_tx003.ttl,90,10
kritz2020ontobg_tx004.ttl,10,5
kritz2020ontobg_tx004.ttl,20,1
kritz2020ontobg_tx004.ttl,20,2
kritz2020ontobg_tx004.ttl,20,5
kritz2020ontobg_tx004.ttl,20,6
kritz2020ontobg_tx004.ttl,20,7
kritz2020ontobg_tx004.ttl,20,8
kritz2020ontobg_tx004.ttl,30,1
kritz2020ontobg_tx004.ttl,30,2
kritz2020ontobg_tx004.ttl,30,3
kritz2020ontobg_tx004.ttl,30,4
kritz2020ontobg_tx004.ttl,30,6
kritz2020ontobg_tx004.ttl,30,7
kritz2020ontobg_tx004.ttl,30,8
kritz2020ontobg_tx004.ttl,30,9
kritz2020ontobg_tx004.ttl,30,10
kritz2020ontobg_tx004.ttl,40,2
kritz2020ontobg_tx004.ttl,40,4
kritz2020ontobg_tx004.ttl,40,5
kritz2020ontobg_tx004.ttl,40,6
kritz2020ontobg_tx004.ttl,40,7
kritz2020ontobg_tx004.ttl,40,8
kritz2020ontobg_tx004.ttl,40,9
kritz2020ontobg_tx004.ttl,40,10
kritz2020ontobg_tx004.ttl,50,2
kritz2020ontobg_tx004.ttl,50,3
kritz2020ontobg_tx004.ttl,50,4
kritz2020ontobg_tx004.ttl,50,5
kritz2020ontobg_tx004.ttl,50,6
kritz2020ontobg_tx004.ttl,50,7
kritz2020ontobg_tx004.ttl,50,8
kritz2020ontobg_tx004.ttl,50,9
kritz2020ontobg_tx004.ttl,50,10
kritz2020ontobg_tx004.ttl,60,1
kritz2020ontobg_tx004.ttl,60,2
kritz2020ontobg_tx004.ttl,60,3
kritz2020ontobg_tx004.ttl,60,4
kritz2020ontobg_tx004.ttl,60,5
kritz2020ontobg_tx004.ttl,60,6
kritz2020ontobg_tx004.ttl,60,7
kritz2020ontobg_tx004.ttl,60,8
kritz2020ontobg_tx004.ttl,60,9
kritz2020ontobg_tx004.ttl,60,10
kritz2020ontobg_tx004.ttl,70,1
kritz2020ontobg_tx004.ttl,70,2
kritz2020ontobg_tx004.ttl,70,3
kritz2020ontobg_tx004.ttl,70,4
kritz2020ontobg_tx004.ttl,70,5
kritz2020ontobg_tx004.ttl,70,6
kritz2020ontobg_tx004.ttl,70,7
kritz2020ontobg_tx004.ttl,70,8
kritz2020ontobg_tx004.ttl,70,9
kritz2020ontobg_tx004.ttl,70,10
kritz2020ontobg_tx004.ttl,80,1
kritz2020ontobg_tx004.ttl,80,2
kritz2020ontobg_tx004.ttl,80,3
kritz2020ontobg_tx004.ttl,80,4
kritz2020ontobg_tx004.ttl,80,5
kritz2020ontobg_tx004.ttl,80,6
kritz2020ontobg_tx004.ttl,80,7
kritz2020ontobg_tx004.ttl,80,8
kritz2020ontobg_tx004.ttl,80,9
kritz2020ontobg_tx004.ttl,80,10
kritz2020ontobg_tx004.ttl,90,1
kritz2020ontobg_tx004.ttl,90,2
kritz2020ontobg_tx004.ttl,90,3
kritz2020ontobg_tx004.ttl,90,4
kritz2020ontobg_tx004.ttl,90,5
kritz2020ontobg_tx004.ttl,90,6
kritz2020ontobg_tx004.ttl,90,7
kritz2020ontobg_tx004.ttl,90,8
kritz2020ontobg_tx004.ttl,90,9
kritz2020ontobg_tx004.ttl,90,10
mgic-antt2011_tx001.ttl,10,1
mgic-antt2011_tx001.ttl,20,2
mgic-antt2011_tx001.ttl,20,4
mgic-antt2011_tx001.ttl,20,7
mgic-antt2011_tx001.ttl,20,9
mgic-antt2011_tx001.ttl,30,1
mgic-antt2011_tx001.ttl,30,2
mgic-antt2011_tx001.ttl,30,3
mgic-antt2011_tx001.ttl,30,6
mgic-antt2011_tx001.ttl,30,8
mgic-antt2011_tx001.ttl,30,9
mgic-antt2011_tx001.ttl,40,1
mgic-antt2011_tx001.ttl,40,2
mgic-antt2011_tx001.ttl,40,3
mgic-antt2011_tx001.ttl,40,5
mgic-antt2011_tx001.ttl,40,6
mgic-antt2011_tx001.ttl,40,7
mgic-antt2011_tx001.ttl,40,8
mgic-antt2011_tx001.ttl,40,9
mgic-antt2011_tx001.ttl,40,10
mgic-antt2011_tx001.ttl,50,1
mgic-antt2011_tx001.ttl,50,2
mgic-antt2011_tx001.ttl,50,3
mgic-antt2011_tx001.ttl,50,4
mgic-antt2011_tx001.ttl,50,5
mgic-antt2011_tx001.ttl,50,6
mgic-antt2011_tx001.ttl,50,7
mgic-antt2011_tx001.ttl,50,8
mgic-antt2011_tx001.ttl,50,9
mgic-antt2011_tx001.ttl,50,10
mgic-antt2011_tx001.ttl,60,1
mgic-antt2011_tx001.ttl,60,2
mgic-antt2011_tx001.ttl,60,3
mgic-antt2011_tx001.ttl,60,4
mgic-antt2011_tx001.ttl,60,5
mgic-antt2011_tx001.ttl,60,6
mgic-antt2011_tx001.ttl,60,7
mgic-antt2011_tx001.ttl,60,8
mgic-antt2011_tx001.ttl,60,9
mgic-antt2011_tx001.ttl,60,10
mgic-antt2011_tx001.ttl,70,1
mgic-antt2011_tx001.ttl,70,2
mgic-antt2011_tx001.ttl,70,3
mgic-antt2011_tx001.ttl,70,4
mgic-antt2011_tx001.ttl,70,5
mgic-antt2011_tx001.ttl,70,6
mgic-antt2011_tx001.ttl,70,7
mgic-antt2011_tx001.ttl,70,8
mgic-antt2011_tx001.ttl,70,9
mgic-antt2011_tx001.ttl,70,10
mgic-antt2011_tx001.ttl,80,1
mgic-antt2011_tx001.ttl,80,2
mgic-antt2011_tx001.ttl,80,3
mgic-antt2011_tx001.ttl,80,4
mgic-antt2011_tx001.ttl,80,5
mgic-antt2011_tx001.ttl,80,6
mgic-antt2011_tx001.ttl,80,7
mgic-antt2011_tx001.ttl,80,8
mgic-antt2011_tx001.ttl,80,9
mgic-antt2011_tx001.ttl,80,10
mgic-antt2011_tx001.ttl,90,1
mgic-antt2011_tx001.ttl,90,2
mgic-antt2011_tx001.ttl,90,3
mgic-antt2011_tx001.ttl,90,4
mgic-antt2011_tx001.ttl,90,5
mgic-antt2011_tx001.ttl,90,6
mgic-antt2011_tx001.ttl,90,7
mgic-antt2011_tx001.ttl,90,8
mgic-antt2011_tx001.ttl,90,9
mgic-antt2011_tx001.ttl,90,10
mgic-antt2011_tx002.ttl,10,7
mgic-antt2011_tx002.ttl,20,2
mgic-antt2011_tx002.ttl,20,3
mgic-antt2011_tx002.ttl,20,4
mgic-antt2011_tx002.ttl,30,6
mgic-antt2011_tx002.ttl,30,7
mgic-antt2011_tx002.ttl,30,9
mgic-antt2011_tx002.ttl,40,1
mgic-antt2011_tx002.ttl,40,3
mgic-antt2011_tx002.ttl,40,8
mgic-antt2011_tx002.ttl,40,10
mgic-antt2011_tx002.ttl,50,4
mgic-antt2011_tx002.ttl,50,7
mgic-antt2011_tx002.ttl,50,9
mgic-antt2011_tx002.ttl,50,10
mgic-antt2011_tx002.ttl,60,1
mgic-antt2011_tx002.ttl,60,2
mgic-antt2011_tx002.ttl,60,3
mgic-antt2011_tx002.ttl,60,4
mgic-antt2011_tx002.ttl,60,8
mgic-antt2011_tx002.ttl,60,10
mgic-antt2011_tx002.ttl,70,1
mgic-antt2011_tx002.ttl,70,2
mgic-antt2011_tx002.ttl,70,3
mgic-antt2011_tx002.ttl,70,4
mgic-antt2011_tx002.ttl,70,5
mgic-antt2011_tx002.ttl,70,7
mgic-antt2011_tx002.ttl,70,8
mgic-antt2011_tx002.ttl,70,10
mgic-antt2011_tx002.ttl,80,1
mgic-antt2011_tx002.ttl,80,2
mgic-antt2011_tx002.ttl,80,3
mgic-antt2011_tx002.ttl,80,4
mgic-antt2011_tx002.ttl,80,5
mgic-antt2011_tx002.ttl,80,6
mgic-antt2011_tx002.ttl,80,7
mgic-antt2011_tx002.ttl,80,9
mgic-antt2011_tx002.ttl,80,10
mgic-antt2011_tx002.ttl,90,1
mgic-antt2011_tx002.ttl,90,2
mgic-antt2011_tx002.ttl,90,3
mgic-antt2011_tx002.ttl,90,4
mgic-antt2011_tx002.ttl,90,5
mgic-antt2011_tx002.ttl,90,6
mgic-antt2011_tx002.ttl,90,7
mgic-antt2011_tx002.ttl,90,8
mgic-antt2011_tx002.ttl,90,9
mgic-antt2011_tx002.ttl,90,10
mgic-antt2011_tx012.ttl,20,1
mgic-antt2011_tx012.ttl,20,2
mgic-antt2011_tx012.ttl,20,3
mgic-antt2011_tx012.ttl,20,8
mgic-antt2011_tx012.ttl,30,1
mgic-antt2011_tx012.ttl,30,2
mgic-antt2011_tx012.ttl,30,3
mgic-antt2011_tx012.ttl,30,4
mgic-antt2011_tx012.ttl,30,7
mgic-antt2011_tx012.ttl,30,8
mgic-antt2011_tx012.ttl,30,9
mgic-antt2011_tx012.ttl,30,10
mgic-antt2011_tx012.ttl,40,1
mgic-antt2011_tx012.ttl,40,2
mgic-antt2011_tx012.ttl,40,4
mgic-antt2011_tx012.ttl,40,5
mgic-antt2011_tx012.ttl,40,6
mgic-antt2011_tx012.ttl,40,7
mgic-antt2011_tx012.ttl,40,8
mgic-antt2011_tx012.ttl,40,10
mgic-antt2011_tx012.ttl,50,1
mgic-antt2011_tx012.ttl,50,2
mgic-antt2011_tx012.ttl,50,3
mgic-antt2011_tx012.ttl,50,4
mgic-antt2011_tx012.ttl,50,5
mgic-antt2011_tx012.ttl,50,6
mgic-antt2011_tx012.ttl,50,7
mgic-antt2011_tx012.ttl,50,8
mgic-antt2011_tx012.ttl,50,9
mgic-antt2011_tx012.ttl,50,10
mgic-antt2011_tx012.ttl,60,1
mgic-antt2011_tx012.ttl,60,2
mgic-antt2011_tx012.ttl,60,3
mgic-antt2011_tx012.ttl,60,5
mgic-antt2011_tx012.ttl,60,6
mgic-antt2011_tx012.ttl,60,7
mgic-antt2011_tx012.ttl,60,8
mgic-antt2011_tx012.ttl,60,9
mgic-antt2011_tx012.ttl,60,10
mgic-antt2011_tx012.ttl,70,1
mgic-antt2011_tx012.ttl,70,2
mgic-antt2011_tx012.ttl,70,3
mgic-antt2011_tx012.ttl,70,4
mgic-antt2011_tx012.ttl,70,5
mgic-antt2011_tx012.ttl,70,6
mgic-antt2011_tx012.ttl,70,7
mgic-antt2011_tx012.ttl,70,8
mgic-antt2011_tx012.ttl,70,9
mgic-antt2011_tx012.ttl,70,10
mgic-antt2011_tx012.ttl,80,1
mgic-antt2011_tx012.ttl,80,2
mgic-antt2011_tx012.ttl,80,3
mgic-antt2011_tx012.ttl,80,4
mgic-antt2011_tx012.ttl,80,5
mgic-antt2011_tx012.ttl,80,6
mgic-antt2011_tx012.ttl,80,7
mgic-antt2011_tx012.ttl,80,8
mgic-antt2011_tx012.ttl,80,9
mgic-antt2011_tx012.ttl,80,10
mgic-antt2011_tx012.ttl,90,1
mgic-antt2011_tx012.ttl,90,2
mgic-antt2011_tx012.ttl,90,3
mgic-antt2011_tx012.ttl,90,4
mgic-antt2011_tx012.ttl,90,5
mgic-antt2011_tx012.ttl,90,6
mgic-antt2011_tx012.ttl,90,7
mgic-antt2011_tx012.ttl,90,8
mgic-antt2011_tx012.ttl,90,9
mgic-antt2011_tx012.ttl,90,10
mgic-antt2011_tx013.ttl,10,3
mgic-antt2011_tx013.ttl,10,4
mgic-antt2011_tx013.ttl,10,5
mgic-antt2011_tx013.ttl,10,10
mgic-antt2011_tx013.ttl,20,1
mgic-antt2011_tx013.ttl,20,2
mgic-antt2011_tx013.ttl,20,3
mgic-antt2011_tx013.ttl,20,4
mgic-antt2011_tx013.ttl,20,5
mgic-antt2011_tx013.ttl,20,6
mgic-antt2011_tx013.ttl,20,7
mgic-antt2011_tx013.ttl,20,8
mgic-antt2011_tx013.ttl,20,9
mgic-antt2011_tx013.ttl,30,1
mgic-antt2011_tx013.ttl,30,2
mgic-antt2011_tx013.ttl,30,3
mgic-antt2011_tx013.ttl,30,4
mgic-antt2011_tx013.ttl,30,5
mgic-antt2011_tx013.ttl,30,6
mgic-antt2011_tx013.ttl,30,7
mgic-antt2011_tx013.ttl,30,8
mgic-antt2011_tx013.ttl,30,9
mgic-antt2011_tx013.ttl,40,1
mgic-antt2011_tx013.ttl,40,2
mgic-antt2011_tx013.ttl,40,3
mgic-antt2011_tx013.ttl,40,4
mgic-antt2011_tx013.ttl,40,5
mgic-antt2011_tx013.ttl,40,6
mgic-antt2011_tx013.ttl,40,7
mgic-antt2011_tx013.ttl,40,8
mgic-antt2011_tx013.ttl,40,9
mgic-antt2011_tx013.ttl,40,10
mgic-antt2011_tx013.ttl,50,1
mgic-antt2011_tx013.ttl,50,2
mgic-antt2011_tx013.ttl,50,3
mgic-antt2011_tx013.ttl,50,4
mgic-antt2011_tx013.ttl,50,5
mgic-antt2011_tx013.ttl,50,6
mgic-antt2011_tx013.ttl,50,7
mgic-antt2011_tx013.ttl,50,8
mgic-antt2011_tx013.ttl,50,9
mgic-antt2011_tx013.ttl,50,10
mgic-antt2011_tx013.ttl,60,1
mgic-antt2011_tx013.ttl,60,2
mgic-antt2011_tx013.ttl,60,3
mgic-antt2011_tx013.ttl,60,4
mgic-antt2011_tx013.ttl,60,5
mgic-antt2011_tx013.ttl,60,6
mgic-antt2011_tx013.ttl,60,7
mgic-antt2011_tx013.ttl,60,8
mgic-antt2011_tx013.ttl,60,9
mgic-antt2011_tx013.ttl,60,10
mgic-antt2011_tx013.ttl,70,1
mgic-antt2011_tx013.ttl,70,2
mgic-antt2011_tx013.ttl,70,3
mgic-antt2011_tx013.ttl,70,4
mgic-antt2011_tx013.ttl,70,5
mgic-antt2011_tx013.ttl,70,6
mgic-antt2011_tx013.ttl,70,7
mgic-antt2011_tx013.ttl,70,8
mgic-antt2011_tx013.ttl,70,9
mgic-antt2011_tx013.ttl,70,10
mgic-antt2011_tx013.ttl,80,1
mgic-antt2011_tx013.ttl,80,2
mgic-antt2011_tx013.ttl,80,3
mgic-antt2011_tx013.ttl,80,4
mgic-antt2011_tx013.ttl,80,5
mgic-antt2011_tx013.ttl,80,6
mgic-antt2011_tx013.ttl,80,7
mgic-antt2011_tx013.ttl,80,8
mgic-antt2011_tx013.ttl,80,9
mgic-antt2011_tx013.ttl,80,10
mgic-antt2011_tx013.ttl,90,1
mgic-antt2011_tx013.ttl,90,2
mgic-antt2011_tx013.ttl,90,3
mgic-antt2011_tx013.ttl,90,4
mgic-antt2011_tx013.ttl,90,5
mgic-antt2011_tx013.ttl,90,6
mgic-antt2011_tx013.ttl,90,7
mgic-antt2011_tx013.ttl,90,8
mgic-antt2011_tx013.ttl,90,9
mgic-antt2011_tx013.ttl,90,10
mgic-antt2011_tx016.ttl,10,4
mgic-antt2011_tx016.ttl,20,5
mgic-antt2011_tx016.ttl,30,1
mgic-antt2011_tx016.ttl,30,2
mgic-antt2011_tx016.ttl,30,4
mgic-antt2011_tx016.ttl,30,5
mgic-antt2011_tx016.ttl,30,7
mgic-antt2011_tx016.ttl,30,8
mgic-antt2011_tx016.ttl,30,9
mgic-antt2011_tx016.ttl,40,1
mgic-antt2011_tx016.ttl,40,3
mgic-antt2011_tx016.ttl,40,6
mgic-antt2011_tx016.ttl,40,7
mgic-antt2011_tx016.ttl,40,8
mgic-antt2011_tx016.ttl,40,10
mgic-antt2011_tx016.ttl,50,1
mgic-antt2011_tx016.ttl,50,2
mgic-antt2011_tx016.ttl,50,3
mgic-antt2011_tx016.ttl,50,4
mgic-antt2011_tx016.ttl,50,5
mgic-antt2011_tx016.ttl,50,7
mgic-antt2011_tx016.ttl,50,8
mgic-antt2011_tx016.ttl,50,9
mgic-antt2011_tx016.ttl,50,10
mgic-antt2011_tx016.ttl,60,1
mgic-antt2011_tx016.ttl,60,2
mgic-antt2011_tx016.ttl,60,3
mgic-antt2011_tx016.ttl,60,4
mgic-antt2011_tx016.ttl,60,5
mgic-antt2011_tx016.ttl,60,6
mgic-antt2011_tx016.ttl,60,7
mgic-antt2011_tx016.ttl,60,8
mgic-antt2011_tx016.ttl,60,9
mgic-antt2011_tx016.ttl,60,10
mgic-antt2011_tx016.ttl,70,1
mgic-antt2011_tx016.ttl,70,2
mgic-antt2011_tx016.ttl,70,3
mgic-antt2011_tx016.ttl,70,4
mgic-antt2011_tx016.ttl,70,5
mgic-antt2011_tx016.ttl,70,6
mgic-antt2011_tx016.ttl,70,8
mgic-antt2011_tx016.ttl,70,9
mgic-antt2011_tx016.ttl,70,10
mgic-antt2011_tx016.ttl,80,1
mgic-antt2011_tx016.ttl,80,2
mgic-antt2011_tx016.ttl,80,3
mgic-antt2011_tx016.ttl,80,4
mgic-antt2011_tx016.ttl,80,5
mgic-antt2011_tx016.ttl,80,6
mgic-antt2011_tx016.ttl,80,7
mgic-antt2011_tx016.ttl,80,8
mgic-antt2011_tx016.ttl,80,9
mgic-antt2011_tx016.ttl,80,10
mgic-antt2011_tx016.ttl,90,1
mgic-antt2011_tx016.ttl,90,2
mgic-antt2011_tx016.ttl,90,3
mgic-antt2011_tx016.ttl,90,4
mgic-antt2011_tx016.ttl,90,5
mgic-antt2011_tx016.ttl,90,6
mgic-antt2011_tx016.ttl,90,7
mgic-antt2011_tx016.ttl,90,8
mgic-antt2011_tx016.ttl,90,9
mgic-antt2011_tx016.ttl,90,10
mgic-antt2011_tx018.ttl,10,4
mgic-antt2011_tx018.ttl,10,5
mgic-antt2011_tx018.ttl,10,6
mgic-antt2011_tx018.ttl,10,9
mgic-antt2011_tx018.ttl,20,2
mgic-antt2011_tx018.ttl,20,4
mgic-antt2011_tx018.ttl,20,7
mgic-antt2011_tx018.ttl,20,10
mgic-antt2011_tx018.ttl,30,1
mgic-antt2011_tx018.ttl,30,4
mgic-antt2011_tx018.ttl,30,5
mgic-antt2011_tx018.ttl,30,6
mgic-antt2011_tx018.ttl,30,8
mgic-antt2011_tx018.ttl,30,9
mgic-antt2011_tx018.ttl,30,10
mgic-antt2011_tx018.ttl,40,1
mgic-antt2011_tx018.ttl,40,2
mgic-antt2011_tx018.ttl,40,3
mgic-antt2011_tx018.ttl,40,6
mgic-antt2011_tx018.ttl,40,7
mgic-antt2011_tx018.ttl,40,8
mgic-antt2011_tx018.ttl,40,9
mgic-antt2011_tx018.ttl,40,10
mgic-antt2011_tx018.ttl,50,1
mgic-antt2011_tx018.ttl,50,2
mgic-antt2011_tx018.ttl,50,3
mgic-antt2011_tx018.ttl,50,4
mgic-antt2011_tx018.ttl,50,5
mgic-antt2011_tx018.ttl,50,6
mgic-antt2011_tx018.ttl,50,7
mgic-antt2011_tx018.ttl,50,8
mgic-antt2011_tx018.ttl,50,9
mgic-antt2011_tx018.ttl,50,10
mgic-antt2011_tx018.ttl,60,1
mgic-antt2011_tx018.ttl,60,2
mgic-antt2011_tx018.ttl,60,3
mgic-antt2011_tx018.ttl,60,4
mgic-antt2011_tx018.ttl,60,5
mgic-antt2011_tx018.ttl,60,6
mgic-antt2011_tx018.ttl,60,7
mgic-antt2011_tx018.ttl,60,8
mgic-antt2011_tx018.ttl,60,9
mgic-antt2011_tx018.ttl,60,10
mgic-antt2011_tx018.ttl,70,1
mgic-antt2011_tx018.ttl,70,2
mgic-antt2011_tx018.ttl,70,3
mgic-antt2011_tx018.ttl,70,4
mgic-antt2011_tx018.ttl,70,5
mgic-antt2011_tx018.ttl,70,6
mgic-antt2011_tx018.ttl,70,7
mgic-antt2011_tx018.ttl,70,8
mgic-antt2011_tx018.ttl,70,9
mgic-antt2011_tx018.ttl,70,10
mgic-antt2011_tx018.ttl,80,1
mgic-antt2011_tx018.ttl,80,2
mgic-antt2011_tx018.ttl,80,3
mgic-antt2011_tx018.ttl,80,4
mgic-antt2011_tx018.ttl,80,5
mgic-antt2011_tx018.ttl,80,6
mgic-antt2011_tx018.ttl,80,7
mgic-antt2011_tx018.ttl,80,8
mgic-antt2011_tx018.ttl,80,9
mgic-antt2011_tx018.ttl,80,10
mgic-antt2011_tx018.ttl,90,1
mgic-antt2011_tx018.ttl,90,2
mgic-antt2011_tx018.ttl,90,3
mgic-antt2011_tx018.ttl,90,4
mgic-antt2011_tx018.ttl,90,5
mgic-antt2011_tx018.ttl,90,6
mgic-antt2011_tx018.ttl,90,7
mgic-antt2011_tx018.ttl,90,8
mgic-antt2011_tx018.ttl,90,9
mgic-antt2011_tx018.ttl,90,10
mgic-antt2011_tx022.ttl,20,1
mgic-antt2011_tx022.ttl,20,8
mgic-antt2011_tx022.ttl,20,10
mgic-antt2011_tx022.ttl,30,1
mgic-antt2011_tx022.ttl,30,2
mgic-antt2011_tx022.ttl,30,4
mgic-antt2011_tx022.ttl,30,5
mgic-antt2011_tx022.ttl,30,10
mgic-antt2011_tx022.ttl,40,1
mgic-antt2011_tx022.ttl,40,4
mgic-antt2011_tx022.ttl,40,6
mgic-antt2011_tx022.ttl,40,7
mgic-antt2011_tx022.ttl,40,8
mgic-antt2011_tx022.ttl,40,9
mgic-antt2011_tx022.ttl,40,10
mgic-antt2011_tx022.ttl,50,1
mgic-antt2011_tx022.ttl,50,2
mgic-antt2011_tx022.ttl,50,3
mgic-antt2011_tx022.ttl,50,4
mgic-antt2011_tx022.ttl,50,5
mgic-antt2011_tx022.ttl,50,6
mgic-antt2011_tx022.ttl,50,7
mgic-antt2011_tx022.ttl,50,8
mgic-antt2011_tx022.ttl,50,9
mgic-antt2011_tx022.ttl,50,10
mgic-antt2011_tx022.ttl,60,1
mgic-antt2011_tx022.ttl,60,2
mgic-antt2011_tx022.ttl,60,3
mgic-antt2011_tx022.ttl,60,4
mgic-antt2011_tx022.ttl,60,5
mgic-antt2011_tx022.ttl,60,6
mgic-antt2011_tx022.ttl,60,7
mgic-antt2011_tx022.ttl,60,8
mgic-antt2011_tx022.ttl,60,9
mgic-antt2011_tx022.ttl,60,10
mgic-antt2011_tx022.ttl,70,1
mgic-antt2011_tx022.ttl,70,2
mgic-antt2011_tx022.ttl,70,3
mgic-antt2011_tx022.ttl,70,4
mgic-antt2011_tx022.ttl,70,5
mgic-antt2011_tx022.ttl,70,6
mgic-antt2011_tx022.ttl,70,7
mgic-antt2011_tx022.ttl,70,8
mgic-antt2011_tx022.ttl,70,9
mgic-antt2011_tx022.ttl,70,10
mgic-antt2011_tx022.ttl,80,1
mgic-antt2011_tx022.ttl,80,2
mgic-antt2011_tx022.ttl,80,3
mgic-antt2011_tx022.ttl,80,4
mgic-antt2011_tx022.ttl,80,5
mgic-antt2011_tx022.ttl,80,6
mgic-antt2011_tx022.ttl,80,7
mgic-antt2011_tx022.ttl,80,8
mgic-antt2011_tx022.ttl,80,9
mgic-antt2011_tx022.ttl,80,10
mgic-antt2011_tx022.ttl,90,1
mgic-antt2011_tx022.ttl,90,2
mgic-antt2011_tx022.ttl,90,3
mgic-antt2011_tx022.ttl,90,4
mgic-antt2011_tx022.ttl,90,5
mgic-antt2011_tx022.ttl,90,6
mgic-antt2011_tx022.ttl,90,7
mgic-antt2011_tx022.ttl,90,8
mgic-antt2011_tx022.ttl,90,9
mgic-antt2011_tx022.ttl,90,10
mgic-antt2011_tx025.ttl,10,1
mgic-antt2011_tx025.ttl,10,3
mgic-antt2011_tx025.ttl,10,5
mgic-antt2011_tx025.ttl,10,9
mgic-antt2011_tx025.ttl,20,1
mgic-antt2011_tx025.ttl,20,2
mgic-antt2011_tx025.ttl,20,4
mgic-antt2011_tx025.ttl,20,6
mgic-antt2011_tx025.ttl,20,7
mgic-antt2011_tx025.ttl,20,8
mgic-antt2011_tx025.ttl,20,9
mgic-antt2011_tx025.ttl,20,10
mgic-antt2011_tx025.ttl,30,1
mgic-antt2011_tx025.ttl,30,2
mgic-antt2011_tx025.ttl,30,3
mgic-antt2011_tx025.ttl,30,4
mgic-antt2011_tx025.ttl,30,5
mgic-antt2011_tx025.ttl,30,6
mgic-antt2011_tx025.ttl,30,7
mgic-antt2011_tx025.ttl,30,8
mgic-antt2011_tx025.ttl,30,9
mgic-antt2011_tx025.ttl,30,10
mgic-antt2011_tx025.ttl,40,1
mgic-antt2011_tx025.ttl,40,2
mgic-antt2011_tx025.ttl,40,3
mgic-antt2011_tx025.ttl,40,4
mgic-antt2011_tx025.ttl,40,5
mgic-antt2011_tx025.ttl,40,6
mgic-antt2011_tx025.ttl,40,7
mgic-antt2011_tx025.ttl,40,8
mgic-antt2011_tx025.ttl,40,9
mgic-antt2011_tx025.ttl,40,10
mgic-antt2011_tx025.ttl,50,1
mgic-antt2011_tx025.ttl,50,2
mgic-antt2011_tx025.ttl,50,3
mgic-antt2011_tx025.ttl,50,4
mgic-antt2011_tx025.ttl,50,5
mgic-antt2011_tx025.ttl,50,6
mgic-antt2011_tx025.ttl,50,7
mgic-antt2011_tx025.ttl,50,8
mgic-antt2011_tx025.ttl,50,9
mgic-antt2011_tx025.ttl,50,10
mgic-antt2011_tx025.ttl,60,1
mgic-antt2011_tx025.ttl,60,2
mgic-antt2011_tx025.ttl,60,3
mgic-antt2011_tx025.ttl,60,4
mgic-antt2011_tx025.ttl,60,5
mgic-antt2011_tx025.ttl,60,6
mgic-antt2011_tx025.ttl,60,7
mgic-antt2011_tx025.ttl,60,8
mgic-antt2011_tx025.ttl,60,9
mgic-antt2011_tx025.ttl,60,10
mgic-antt2011_tx025.ttl,70,1
mgic-antt2011_tx025.ttl,70,2
mgic-antt2011_tx025.ttl,70,3
mgic-antt2011_tx025.ttl,70,4
mgic-antt2011_tx025.ttl,70,5
mgic-antt2011_tx025.ttl,70,6
mgic-antt2011_tx025.ttl,70,7
mgic-antt2011_tx025.ttl,70,8
mgic-antt2011_tx025.ttl,70,9
mgic-antt2011_tx025.ttl,70,10
mgic-antt2011_tx025.ttl,80,1
mgic-antt2011_tx025.ttl,80,2
mgic-antt2011_tx025.ttl,80,3
mgic-antt2011_tx025.ttl,80,4
mgic-antt2011_tx025.ttl,80,5
mgic-antt2011_tx025.ttl,80,6
mgic-antt2011_tx025.ttl,80,7
mgic-antt2011_tx025.ttl,80,8
mgic-antt2011_tx025.ttl,80,9
mgic-antt2011_tx025.ttl,80,10
mgic-antt2011_tx025.ttl,90,1
mgic-antt2011_tx025.ttl,90,2
mgic-antt2011_tx025.ttl,90,3
mgic-antt2011_tx025.ttl,90,4
mgic-antt2011_tx025.ttl,90,5
mgic-antt2011_tx025.ttl,90,6
mgic-antt2011_tx025.ttl,90,7
mgic-antt2011_tx025.ttl,90,8
mgic-antt2011_tx025.ttl,90,9
mgic-antt2011_tx025.ttl,90,10
mgic-antt2011_tx034.ttl,10,4
mgic-antt2011_tx034.ttl,10,5
mgic-antt2011_tx034.ttl,10,10
mgic-antt2011_tx034.ttl,20,1
mgic-antt2011_tx034.ttl,20,2
mgic-antt2011_tx034.ttl,20,3
mgic-antt2011_tx034.ttl,20,4
mgic-antt2011_tx034.ttl,20,5
mgic-antt2011_tx034.ttl,20,6
mgic-antt2011_tx034.ttl,20,7
mgic-antt2011_tx034.ttl,20,8
mgic-antt2011_tx034.ttl,20,9
mgic-antt2011_tx034.ttl,20,10
mgic-antt2011_tx034.ttl,30,1
mgic-antt2011_tx034.ttl,30,2
mgic-antt2011_tx034.ttl,30,3
mgic-antt2011_tx034.ttl,30,4
mgic-antt2011_tx034.ttl,30,5
mgic-antt2011_tx034.ttl,30,6
mgic-antt2011_tx034.ttl,30,7
mgic-antt2011_tx034.ttl,30,8
mgic-antt2011_tx034.ttl,30,9
mgic-antt2011_tx034.ttl,30,10
mgic-antt2011_tx034.ttl,40,1
mgic-antt2011_tx034.ttl,40,2
mgic-antt2011_tx034.ttl,40,3
mgic-antt2011_tx034.ttl,40,4
mgic-antt2011_tx034.ttl,40,5
mgic-antt2011_tx034.ttl,40,6
mgic-antt2011_tx034.ttl,40,7
mgic-antt2011_tx034.ttl,40,8
mgic-antt2011_tx034.ttl,40,9
mgic-antt2011_tx034.ttl,40,10
mgic-antt2011_tx034.ttl,50,1
mgic-antt2011_tx034.ttl,50,2
mgic-antt2011_tx034.ttl,50,3
mgic-antt2011_tx034.ttl,50,4
mgic-antt2011_tx034.ttl,50,5
mgic-antt2011_tx034.ttl,50,6
mgic-antt2011_tx034.ttl,50,7
mgic-antt2011_tx034.ttl,50,8
mgic-antt2011_tx034.ttl,50,9
mgic-antt2011_tx034.ttl,50,10
mgic-antt2011_tx034.ttl,60,1
mgic-antt2011_tx034.ttl,60,2
mgic-antt2011_tx034.ttl,60,3
mgic-antt2011_tx034.ttl,60,4
mgic-antt2011_tx034.ttl,60,5
mgic-antt2011_tx034.ttl,60,6
mgic-antt2011_tx034.ttl,60,7
mgic-antt2011_tx034.ttl,60,8
mgic-antt2011_tx034.ttl,60,9
mgic-antt2011_tx034.ttl,60,10
mgic-antt2011_tx034.ttl,70,1
mgic-antt2011_tx034.ttl,70,2
mgic-antt2011_tx034.ttl,70,3
mgic-antt2011_tx034.ttl,70,4
mgic-antt2011_tx034.ttl,70,5
mgic-antt2011_tx034.ttl,70,6
mgic-antt2011_tx034.ttl,70,7
mgic-antt2011_tx034.ttl,70,8
mgic-antt2011_tx034.ttl,70,9
mgic-antt2011_tx034.ttl,70,10
mgic-antt2011_tx034.ttl,80,1
mgic-antt2011_tx034.ttl,80,2
mgic-antt2011_tx034.ttl,80,3
mgic-antt2011_tx034.ttl,80,4
mgic-antt2011_tx034.ttl,80,5
mgic-antt2011_tx034.ttl,80,6
mgic-antt2011_tx034.ttl,80,7
mgic-antt2011_tx034.ttl,80,8
mgic-antt2011_tx034.ttl,80,9
mgic-antt2011_tx034.ttl,80,10
mgic-antt2011_tx034.ttl,90,1
mgic-antt2011_tx034.ttl,90,2
mgic-antt2011_tx034.ttl,90,3
mgic-antt2011_tx034.ttl,90,4
mgic-antt2011_tx034.ttl,90,5
mgic-antt2011_tx034.ttl,90,6
mgic-antt2011_tx034.ttl,90,7
mgic-antt2011_tx034.ttl,90,8
mgic-antt2011_tx034.ttl,90,9
mgic-antt2011_tx034.ttl,90,10
mgic-antt2011_tx063.ttl,20,1
mgic-antt2011_tx063.ttl,20,2
mgic-antt2011_tx063.ttl,20,8
mgic-antt2011_tx063.ttl,20,9
mgic-antt2011_tx063.ttl,30,1
mgic-antt2011_tx063.ttl,30,2
mgic-antt2011_tx063.ttl,30,3
mgic-antt2011_tx063.ttl,30,4
mgic-antt2011_tx063.ttl,30,5
mgic-antt2011_tx063.ttl,30,6
mgic-antt2011_tx063.ttl,30,7
mgic-antt2011_tx063.ttl,30,8
mgic-antt2011_tx063.ttl,30,9
mgic-antt2011_tx063.ttl,40,2
mgic-antt2011_tx063.ttl,40,4
mgic-antt2011_tx063.ttl,40,6
mgic-antt2011_tx063.ttl,40,7
mgic-antt2011_tx063.ttl,40,8
mgic-antt2011_tx063.ttl,40,9
mgic-antt2011_tx063.ttl,50,1
mgic-antt2011_tx063.ttl,50,2
mgic-antt2011_tx063.ttl,50,3
mgic-antt2011_tx063.ttl,50,4
mgic-antt2011_tx063.ttl,50,5
mgic-antt2011_tx063.ttl,50,7
mgic-antt2011_tx063.ttl,50,8
mgic-antt2011_tx063.ttl,50,9
mgic-antt2011_tx063.ttl,50,10
mgic-antt2011_tx063.ttl,60,1
mgic-antt2011_tx063.ttl,60,2
mgic-antt2011_tx063.ttl,60,3
mgic-antt2011_tx063.ttl,60,4
mgic-antt2011_tx063.ttl,60,5
mgic-antt2011_tx063.ttl,60,6
mgic-antt2011_tx063.ttl,60,8
mgic-antt2011_tx063.ttl,60,9
mgic-antt2011_tx063.ttl,60,10
mgic-antt2011_tx063.ttl,70,1
mgic-antt2011_tx063.ttl,70,2
mgic-antt2011_tx063.ttl,70,3
mgic-antt2011_tx063.ttl,70,4
mgic-antt2011_tx063.ttl,70,5
mgic-antt2011_tx063.ttl,70,6
mgic-antt2011_tx063.ttl,70,7
mgic-antt2011_tx063.ttl,70,8
mgic-antt2011_tx063.ttl,70,9
mgic-antt2011_tx063.ttl,70,10
mgic-antt2011_tx063.ttl,80,1
mgic-antt2011_tx063.ttl,80,2
mgic-antt2011_tx063.ttl,80,3
mgic-antt2011_tx063.ttl,80,4
mgic-antt2011_tx063.ttl,80,5
mgic-antt2011_tx063.ttl,80,6
mgic-antt2011_tx063.ttl,80,7
mgic-antt2011_tx063.ttl,80,8
mgic-antt2011_tx063.ttl,80,9
mgic-antt2011_tx063.ttl,80,10
mgic-antt2011_tx063.ttl,90,1
mgic-antt2011_tx063.ttl,90,2
mgic-antt2011_tx063.ttl,90,3
mgic-antt2011_tx063.ttl,90,4
mgic-antt2011_tx063.ttl,90,5
mgic-antt2011_tx063.ttl,90,6
mgic-antt2011_tx063.ttl,90,7
mgic-antt2011_tx063.ttl,90,8
mgic-antt2011_tx063.ttl,90,9
mgic-antt2011_tx063.ttl,90,10
mgic-antt2011_tx064.ttl,30,2
mgic-antt2011_tx064.ttl,30,3
mgic-antt2011_tx064.ttl,30,7
mgic-antt2011_tx064.ttl,30,10
mgic-antt2011_tx064.ttl,40,1
mgic-antt2011_tx064.ttl,40,5
mgic-antt2011_tx064.ttl,40,8
mgic-antt2011_tx064.ttl,40,9
mgic-antt2011_tx064.ttl,50,1
mgic-antt2011_tx064.ttl,50,2
mgic-antt2011_tx064.ttl,50,3
mgic-antt2011_tx064.ttl,50,4
mgic-antt2011_tx064.ttl,50,5
mgic-antt2011_tx064.ttl,50,8
mgic-antt2011_tx064.ttl,50,9
mgic-antt2011_tx064.ttl,50,10
mgic-antt2011_tx064.ttl,60,1
mgic-antt2011_tx064.ttl,60,2
mgic-antt2011_tx064.ttl,60,3
mgic-antt2011_tx064.ttl,60,4
mgic-antt2011_tx064.ttl,60,5
mgic-antt2011_tx064.ttl,60,6
mgic-antt2011_tx064.ttl,60,7
mgic-antt2011_tx064.ttl,60,8
mgic-antt2011_tx064.ttl,60,9
mgic-antt2011_tx064.ttl,60,10
mgic-antt2011_tx064.ttl,70,1
mgic-antt2011_tx064.ttl,70,2
mgic-antt2011_tx064.ttl,70,3
mgic-antt2011_tx064.ttl,70,4
mgic-antt2011_tx064.ttl,70,5
mgic-antt2011_tx064.ttl,70,6
mgic-antt2011_tx064.ttl,70,8
mgic-antt2011_tx064.ttl,70,9
mgic-antt2011_tx064.ttl,70,10
mgic-antt2011_tx064.ttl,80,1
mgic-antt2011_tx064.ttl,80,2
mgic-antt2011_tx064.ttl,80,3
mgic-antt2011_tx064.ttl,80,4
mgic-antt2011_tx064.ttl,80,5
mgic-antt2011_tx064.ttl,80,6
mgic-antt2011_tx064.ttl,80,7
mgic-antt2011_tx064.ttl,80,8
mgic-antt2011_tx064.ttl,80,9
mgic-antt2011_tx064.ttl,80,10
mgic-antt2011_tx064.ttl,90,1
mgic-antt2011_tx064.ttl,90,2
mgic-antt2011_tx064.ttl,90,3
mgic-antt2011_tx064.ttl,90,4
mgic-antt2011_tx064.ttl,90,5
mgic-antt2011_tx064.ttl,90,6
mgic-antt2011_tx064.ttl,90,7
mgic-antt2011_tx064.ttl,90,8
mgic-antt2011_tx064.ttl,90,9
mgic-antt2011_tx064.ttl,90,10
niederkofler2019dssapple_tx001.ttl,40,10
niederkofler2019dssapple_tx001.ttl,50,2
niederkofler2019dssapple_tx001.ttl,50,3
niederkofler2019dssapple_tx001.ttl,50,4
niederkofler2019dssapple_tx001.ttl,50,9
niederkofler2019dssapple_tx001.ttl,50,10
niederkofler2019dssapple_tx001.ttl,60,3
niederkofler2019dssapple_tx001.ttl,60,4
niederkofler2019dssapple_tx001.ttl,70,2
niederkofler2019dssapple_tx001.ttl,70,4
niederkofler2019dssapple_tx001.ttl,70,6
niederkofler2019dssapple_tx001.ttl,70,10
niederkofler2019dssapple_tx001.ttl,80,4
niederkofler2019dssapple_tx001.ttl,80,5
niederkofler2019dssapple_tx001.ttl,80,6
niederkofler2019dssapple_tx001.ttl,80,8
niederkofler2019dssapple_tx001.ttl,80,9
niederkofler2019dssapple_tx001.ttl,80,10
niederkofler2019dssapple_tx001.ttl,90,1
niederkofler2019dssapple_tx001.ttl,90,3
niederkofler2019dssapple_tx001.ttl,90,5
niederkofler2019dssapple_tx001.ttl,90,6
niederkofler2019dssapple_tx001.ttl,90,7
niederkofler2019dssapple_tx001.ttl,90,8
niederkofler2019dssapple_tx001.ttl,90,9
niederkofler2019dssapple_tx001.ttl,90,10
ramos2021bias_tx002.ttl,20,1
ramos2021bias_tx002.ttl,20,3
ramos2021bias_tx002.ttl,20,5
ramos2021bias_tx002.ttl,20,6
ramos2021bias_tx002.ttl,30,7
ramos2021bias_tx002.ttl,30,8
ramos2021bias_tx002.ttl,30,9
ramos2021bias_tx002.ttl,40,2
ramos2021bias_tx002.ttl,40,3
ramos2021bias_tx002.ttl,40,4
ramos2021bias_tx002.ttl,40,5
ramos2021bias_tx002.ttl,40,9
ramos2021bias_tx002.ttl,40,10
ramos2021bias_tx002.ttl,50,1
ramos2021bias_tx002.ttl,50,3
ramos2021bias_tx002.ttl,50,4
ramos2021bias_tx002.ttl,50,5
ramos2021bias_tx002.ttl,50,6
ramos2021bias_tx002.ttl,50,7
ramos2021bias_tx002.ttl,50,8
ramos2021bias_tx002.ttl,50,9
ramos2021bias_tx002.ttl,50,10
ramos2021bias_tx002.ttl,60,1
ramos2021bias_tx002.ttl,60,3
ramos2021bias_tx002.ttl,60,4
ramos2021bias_tx002.ttl,60,5
ramos2021bias_tx002.ttl,60,6
ramos2021bias_tx002.ttl,60,7
ramos2021bias_tx002.ttl,60,8
ramos2021bias_tx002.ttl,60,9
ramos2021bias_tx002.ttl,60,10
ramos2021bias_tx002.ttl,70,1
ramos2021bias_tx002.ttl,70,2
ramos2021bias_tx002.ttl,70,3
ramos2021bias_tx002.ttl,70,4
ramos2021bias_tx002.ttl,70,5
ramos2021bias_tx002.ttl,70,6
ramos2021bias_tx002.ttl,70,7
ramos2021bias_tx002.ttl,70,8
ramos2021bias_tx002.ttl,70,9
ramos2021bias_tx002.ttl,70,10
ramos2021bias_tx002.ttl,80,1
ramos2021bias_tx002.ttl,80,2
ramos2021bias_tx002.ttl,80,3
ramos2021bias_tx002.ttl,80,4
ramos2021bias_tx002.ttl,80,5
ramos2021bias_tx002.ttl,80,6
ramos2021bias_tx002.ttl,80,7
ramos2021bias_tx002.ttl,80,8
ramos2021bias_tx002.ttl,80,9
ramos2021bias_tx002.ttl,80,10
ramos2021bias_tx002.ttl,90,1
ramos2021bias_tx002.ttl,90,2
ramos2021bias_tx002.ttl,90,3
ramos2021bias_tx002.ttl,90,4
ramos2021bias_tx002.ttl,90,5
ramos2021bias_tx002.ttl,90,6
ramos2021bias_tx002.ttl,90,7
ramos2021bias_tx002.ttl,90,8
ramos2021bias_tx002.ttl,90,9
ramos2021bias_tx002.ttl,90,10
repa2021public-administration_tx001.ttl,20,10
repa2021public-administration_tx001.ttl,30,1
repa2021public-administration_tx001.ttl,30,4
repa2021public-administration_tx001.ttl,30,6
repa2021public-administration_tx001.ttl,30,7
repa2021public-administration_tx001.ttl,30,9
repa2021public-administration_tx001.ttl,40,1
repa2021public-administration_tx001.ttl,40,4
repa2021public-administration_tx001.ttl,40,5
repa2021public-administration_tx001.ttl,40,9
repa2021public-administration_tx001.ttl,50,1
repa2021public-administration_tx001.ttl,50,2
repa2021public-administration_tx001.ttl,50,4
repa2021public-administration_tx001.ttl,50,6
repa2021public-administration_tx001.ttl,50,7
repa2021public-administration_tx001.ttl,60,2
repa2021public-administration_tx001.ttl,60,3
repa2021public-administration_tx001.ttl,60,5
repa2021public-administration_tx001.ttl,60,6
repa2021public-administration_tx001.ttl,70,3
repa2021public-administration_tx001.ttl,70,5
repa2021public-administration_tx001.ttl,70,7
repa2021public-administration_tx001.ttl,70,8
repa2021public-administration_tx001.ttl,70,9
repa2021public-administration_tx001.ttl,70,10
repa2021public-administration_tx001.ttl,80,2
repa2021public-administration_tx001.ttl,80,3
repa2021public-administration_tx001.ttl,80,5
repa2021public-administration_tx001.ttl,80,7
repa2021public-administration_tx001.ttl,80,8
repa2021public-administration_tx001.ttl,80,9
repa2021public-administration_tx001.ttl,80,10
repa2021public-administration_tx001.ttl,90,2
repa2021public-administration_tx001.ttl,90,4
repa2021public-administration_tx001.ttl,90,6
repa2021public-administration_tx001.ttl,90,7
repa2021public-administration_tx001.ttl,90,8
repa2021public-administration_tx001.ttl,90,9
repa2021public-administration_tx001.ttl,90,10
spo2017_tx005.ttl,30,1
spo2017_tx005.ttl,30,6
spo2017_tx005.ttl,30,9
spo2017_tx005.ttl,30,10
spo2017_tx005.ttl,40,3
spo2017_tx005.ttl,40,4
spo2017_tx005.ttl,40,6
spo2017_tx005.ttl,40,8
spo2017_tx005.ttl,40,9
spo2017_tx005.ttl,40,10
spo2017_tx005.ttl,50,1
spo2017_tx005.ttl,50,2
spo2017_tx005.ttl,50,3
spo2017_tx005.ttl,50,4
spo2017_tx005.ttl,50,5
spo2017_tx005.ttl,50,6
spo2017_tx005.ttl,50,7
spo2017_tx005.ttl,50,10
spo2017_tx005.ttl,60,2
spo2017_tx005.ttl,60,3
spo2017_tx005.ttl,60,4
spo2017_tx005.ttl,60,8
spo2017_tx005.ttl,60,9
spo2017_tx005.ttl,60,10
spo2017_tx005.ttl,70,1
spo2017_tx005.ttl,70,2
spo2017_tx005.ttl,70,3
spo2017_tx005.ttl,70,4
spo2017_tx005.ttl,70,6
spo2017_tx005.ttl,70,7
spo2017_tx005.ttl,70,9
spo2017_tx005.ttl,70,10
spo2017_tx005.ttl,80,1
spo2017_tx005.ttl,80,2
spo2017_tx005.ttl,80,3
spo2017_tx005.ttl,80,4
spo2017_tx005.ttl,80,5
spo2017_tx005.ttl,80,6
spo2017_tx005.ttl,80,7
spo2017_tx005.ttl,80,8
spo2017_tx005.ttl,80,9
spo2017_tx005.ttl,80,10
spo2017_tx005.ttl,90,1
spo2017_tx005.ttl,90,2
spo2017_tx005.ttl,90,3
spo2017_tx005.ttl,90,4
spo2017_tx005.ttl,90,5
spo2017_tx005.ttl,90,6
spo2017_tx005.ttl,90,7
spo2017_tx005.ttl,90,8
spo2017_tx005.ttl,90,9
spo2017_tx005.ttl,90,10
university-ontology_tx003.ttl,20,6
university-ontology_tx003.ttl,20,7
university-ontology_tx003.ttl,30,8
university-ontology_tx003.ttl,40,1
university-ontology_tx003.ttl,40,2
university-ontology_tx003.ttl,40,3
university-ontology_tx003.ttl,40,4
university-ontology_tx003.ttl,40,5
university-ontology_tx003.ttl,50,1
university-ontology_tx003.ttl,50,2
university-ontology_tx003.ttl,50,3
university-ontology_tx003.ttl,50,5
university-ontology_tx003.ttl,50,8
university-ontology_tx003.ttl,50,10
university-ontology_tx003.ttl,60,2
university-ontology_tx003.ttl,60,4
university-ontology_tx003.ttl,60,5
university-ontology_tx003.ttl,60,6
university-ontology_tx003.ttl,60,7
university-ontology_tx003.ttl,60,8
university-ontology_tx003.ttl,60,9
university-ontology_tx003.ttl,60,10
university-ontology_tx003.ttl,70,1
university-ontology_tx003.ttl,70,2
university-ontology_tx003.ttl,70,3
university-ontology_tx003.ttl,70,4
university-ontology_tx003.ttl,70,5
university-ontology_tx003.ttl,70,6
university-ontology_tx003.ttl,70,7
university-ontology_tx003.ttl,70,8
university-ontology_tx003.ttl,70,9
university-ontology_tx003.ttl,70,10
university-ontology_tx003.ttl,80,1
university-ontology_tx003.ttl,80,2
university-ontology_tx003.ttl,80,3
university-ontology_tx003.ttl,80,4
university-ontology_tx003.ttl,80,5
university-ontology_tx003.ttl,80,6
university-ontology_tx003.ttl,80,7
university-ontology_tx003.ttl,80,8
university-ontology_tx003.ttl,80,9
university-ontology_tx003.ttl,80,10
university-ontology_tx003.ttl,90,1
university-ontology_tx003.ttl,90,2
university-ontology_tx003.ttl,90,3
university-ontology_tx003.ttl,90,4
university-ontology_tx003.ttl,90,5
university-ontology_tx003.ttl,90,6
university-ontology_tx003.ttl,90,7
university-ontology_tx003.ttl,90,8
university-ontology_tx003.ttl,90,9
university-ontology_tx003.ttl,90,10
